GosNumber,Model,Data
А221НУ83,Citroen,03/02/2024
В510ЕМ21,Hyundai,11/02/2024
К999ВН97,Ford,14/02/2024
С200СС23,Hyundai,16/02/2024
О007ВЕ01,Renault,23/02/2024
С777СС78,Jeep,04/03/2024
Е539ЕО27,Subaru,20/04/2001
Н290КХ32,Toyota,16/11/2007
В510ЕМ21,Hyundai,08/05/2013
Р183ХВ28,Nissan,28/12/2002
С650ОЕ67,Citroen,15/07/2009
Е068АА48,Honda,28/11/2010
Н493НЕ79,Toyota,17/03/2013
Н112ОА46,Kia,10/10/2004
К423РУ761,Fiat,24/09/2017
Т199ОО28,Volkswagen,21/10/2011
Х485ТЕ172,Nissan,15/02/2008
А297ХС174,Peugeot,05/08/2009
У002УА17,Ford,05/03/2001
Н811ЕН41,Honda,01/06/2016
М680НН33,Fiat,14/07/2017
К861ЕО38,Jeep,05/09/2022
У391ТТ43,Kia,20/12/2012
Н290КХ32,Toyota,31/01/2015
Е166РС31,Renault,17/03/2022
У311УР181,Citroen,06/05/2017
А309ТВ10,Nissan,23/03/2005
О616УХ32,General Motors,16/10/2017
Е615РК83,Cadillac,11/07/2011
К904НТ156,Jaguar,16/01/2019
С336ХА51,Lamborghini,07/01/2016
Е883АС62,Jeep,30/05/2002
А242МХ37,Rolls Royce,18/11/2002
Н277СТ17,BMW,27/02/2024
Р889РУ48,BMW,29/03/2012
У488РХ69,BMW,30/10/2012
Е166РС31,Renault,28/11/2023
Е852РН08,Bugatti,04/02/2012
Р216РР56,Bugatti,10/03/2020
О229ЕУ35,Ferrari,03/01/2011
Н784АС68,Renault,03/03/2015
С238СУ42,Mazda,20/12/2009
О805КХ40,Mazda,29/04/2016
У677АВ81,Nissan,25/09/2021
С924ХС85,Infiniti,30/03/2013
С580ХХ22,Infiniti,28/01/2016
В012ВЕ02,Audi,12/03/2024
М243ТС72,Mercedes-Benz,20/10/2015
Х485ТЕ172,Nissan,20/11/2015
У938УР71,Volkswagen,15/07/2005
С906ТА186,Infiniti,18/08/2009
Т388РУ122,Subaru,27/04/2010
Т080ТК68,Chevrolet,03/10/2014
А221НУ83,Chevrolet,20/07/2018
К131ТР94,Subaru,19/03/2020
Е226РМ46,Toyota,11/03/2003
У938УР71,Volkswagen,18/05/2003
А429СР43,Subaru,19/12/2014
Е471ОХ71,Mercedes-Benz,22/02/2024
Т345ОК53,Toyota,12/02/2017
А309ТВ10,Nissan,25/01/2006
Р484МЕ48,Hyundai,20/01/2014
Х667КР161,Chevrolet,31/12/2012
К861ЕО38,Jeep,07/07/2020
К146НР65,Volkswagen,02/07/2017
В510ЕМ21,Hyundai,11/03/2005
С201АУ28,Toyota,19/09/2007
Е980КО158,Suzuki,26/02/2019
К964УХ181,Mercedes-Benz,02/01/2018
А059КХ111,Tesla,14/07/2022
О402ЕК78,Suzuki,13/08/2021
Н794ВР68,Audi,11/06/2014
К204НУ76,Suzuki,06/01/2011
Н306АЕ85,Mercedes-Benz,26/05/2005
М948ЕН90,Jeep,26/05/2004
К999ВН97,Ford,18/02/2011
М164ТС68,Tesla,20/10/2012